"Source_ID","Study_number","Study_name","Site_number","Site_name","Block","Use_intensity","Longitude","Latitude","Sample_start_earliest","Sample_end_latest","Diversity_metric_type","Predominant_land_use","SS","SSS","Total_abundance","Species_richness","Simpson_diversity","ChaoR","Richness_rarefied","Weighted_richness","LogSimpson","ForestCover"
"KS1_2013__Gould",1,"trap_wasp",1,"CA+00.2007.06.22","1","Cannot decide",-155.3272040009,19.7916392484,2007-06-01,2007-08-31,"Abundance","Primary vegetation","KS1_2013__Gould 1","KS1_2013__Gould 1 1",1,1,1,NA,NA,NA,0,41
"KS1_2013__Gould",1,"trap_wasp",2,"CA+00.2007.07.20","1","Cannot decide",-155.3272040009,19.7916392484,2007-06-01,2007-08-31,"Abundance","Primary vegetation","KS1_2013__Gould 1","KS1_2013__Gould 1 2",3,1,1,NA,NA,NA,0,41
"KS1_2013__Gould",1,"trap_wasp",3,"CA+00.2008.06.25","1","Cannot decide",-155.3272040009,19.7916392484,2008-06-01,2008-08-31,"Abundance","Primary vegetation","KS1_2013__Gould 1","KS1_2013__Gould 1 3",3,2,1.8,NA,NA,NA,0.587786664902119,41
"KS1_2013__Gould",1,"trap_wasp",4,"CA+00.2008.07.08","1","Cannot decide",-155.3272040009,19.7916392484,2008-06-01,2008-08-31,"Abundance","Primary vegetation","KS1_2013__Gould 1","KS1_2013__Gould 1 4",2,2,2,NA,NA,NA,0.693147180559945,41
"KS1_2013__Gould",1,"trap_wasp",5,"CA+00.2008.07.22","1","Cannot decide",-155.3272040009,19.7916392484,2008-06-01,2008-08-31,"Abundance","Primary vegetation","KS1_2013__Gould 1","KS1_2013__Gould 1 5",2,2,2,NA,NA,NA,0.693147180559945,41
"KS1_2013__Gould",1,"trap_wasp",19,"CA-01.2007.06.22","1","Cannot decide",-155.3259901799,19.7908646506,2007-06-01,2007-08-31,"Abundance","Primary vegetation","KS1_2013__Gould 1","KS1_2013__Gould 1 19",0,0,NA,NA,NA,NA,NA,0
"KS1_2013__Gould",1,"trap_wasp",20,"CA-01.2007.07.20","1","Cannot decide",-155.3259901799,19.7908646506,2007-06-01,2007-08-31,"Abundance","Primary vegetation","KS1_2013__Gould 1","KS1_2013__Gould 1 20",2,1,1,NA,NA,NA,0,0
"KS1_2013__Gould",1,"trap_wasp",21,"CA-01.2008.06.25","1","Cannot decide",-155.3259901799,19.7908646506,2008-06-01,2008-08-31,"Abundance","Primary vegetation","KS1_2013__Gould 1","KS1_2013__Gould 1 21",1,1,1,NA,NA,NA,0,0
"KS1_2013__Gould",1,"trap_wasp",22,"CA-01.2008.07.08","1","Cannot decide",-155.3259901799,19.7908646506,2008-06-01,2008-08-31,"Abundance","Primary vegetation","KS1_2013__Gould 1","KS1_2013__Gould 1 22",3,2,1.8,NA,NA,NA,0.587786664902119,0
"KS1_2013__Gould",1,"trap_wasp",23,"CA-01.2008.07.22","1","Cannot decide",-155.3259901799,19.7908646506,2008-06-01,2008-08-31,"Abundance","Primary vegetation","KS1_2013__Gould 1","KS1_2013__Gould 1 23",2,2,2,NA,NA,NA,0.693147180559945,0
"KS1_2013__Gould",1,"trap_wasp",24,"CA-02.2007.06.22","1","Cannot decide",-155.3247780718,19.7902006525,2007-06-01,2007-08-31,"Abundance","Primary vegetation","KS1_2013__Gould 1","KS1_2013__Gould 1 24",2,2,2,NA,NA,NA,0.693147180559945,6
"KS1_2013__Gould",1,"trap_wasp",25,"CA-02.2007.07.20","1","Cannot decide",-155.3247780718,19.7902006525,2007-06-01,2007-08-31,"Abundance","Primary vegetation","KS1_2013__Gould 1","KS1_2013__Gould 1 25",2,2,2,NA,NA,NA,0.693147180559945,6
"KS1_2013__Gould",1,"trap_wasp",26,"CA-02.2008.06.25","1","Cannot decide",-155.3247780718,19.7902006525,2008-06-01,2008-08-31,"Abundance","Primary vegetation","KS1_2013__Gould 1","KS1_2013__Gould 1 26",2,2,2,NA,NA,NA,0.693147180559945,6
"KS1_2013__Gould",1,"trap_wasp",27,"CA-02.2008.07.08","1","Cannot decide",-155.3247780718,19.7902006525,2008-06-01,2008-08-31,"Abundance","Primary vegetation","KS1_2013__Gould 1","KS1_2013__Gould 1 27",2,2,2,NA,NA,NA,0.693147180559945,6
"KS1_2013__Gould",1,"trap_wasp",28,"CB+00.2007.07.04","2","Cannot decide",-155.3259869615,19.8044286187,2007-06-01,2007-08-31,"Abundance","Primary vegetation","KS1_2013__Gould 1","KS1_2013__Gould 1 28",10,4,2.77777777777778,NA,NA,NA,1.02165124753198,75
"KS1_2013__Gould",1,"trap_wasp",29,"CB+00.2007.08.01","2","Cannot decide",-155.3259869615,19.8044286187,2007-06-01,2007-08-31,"Abundance","Primary vegetation","KS1_2013__Gould 1","KS1_2013__Gould 1 29",9,3,1.97560975609756,NA,NA,NA,0.680877087968131,75
"KS1_2013__Gould",1,"trap_wasp",30,"CB+00.2008.06.28","2","Cannot decide",-155.3259869615,19.8044286187,2008-06-01,2008-08-31,"Abundance","Primary vegetation","KS1_2013__Gould 1","KS1_2013__Gould 1 30",6,1,1,NA,NA,NA,0,75
"KS1_2013__Gould",1,"trap_wasp",31,"CB+00.2008.07.10","2","Cannot decide",-155.3259869615,19.8044286187,2008-06-01,2008-08-31,"Abundance","Primary vegetation","KS1_2013__Gould 1","KS1_2013__Gould 1 31",13,4,1.64077669902913,NA,NA,NA,0.495169726693438,75
"KS1_2013__Gould",1,"trap_wasp",32,"CB+00.2008.08.06","2","Cannot decide",-155.3259869615,19.8044286187,2008-06-01,2008-08-31,"Abundance","Primary vegetation","KS1_2013__Gould 1","KS1_2013__Gould 1 32",15,5,2.47252747252747,NA,NA,NA,0.90524089568757,75
"KS1_2013__Gould",1,"trap_wasp",62,"CB-01.2007.07.04","2","Cannot decide",-155.3246063923,19.8048260834,2007-06-01,2007-08-31,"Abundance","Primary vegetation","KS1_2013__Gould 1","KS1_2013__Gould 1 62",9,5,3.52173913043478,NA,NA,NA,1.25895493874329,98
"KS1_2013__Gould",1,"trap_wasp",63,"CB-01.2007.08.01","2","Cannot decide",-155.3246063923,19.8048260834,2007-06-01,2007-08-31,"Abundance","Primary vegetation","KS1_2013__Gould 1","KS1_2013__Gould 1 63",6,3,2.57142857142857,NA,NA,NA,0.944461608840851,98
"KS1_2013__Gould",1,"trap_wasp",64,"CB-01.2008.07.10","2","Cannot decide",-155.3246063923,19.8048260834,2008-06-01,2008-08-31,"Abundance","Primary vegetation","KS1_2013__Gould 1","KS1_2013__Gould 1 64",3,1,1,NA,NA,NA,0,98
"KS1_2013__Gould",1,"trap_wasp",65,"CB-01.2008.08.06","2","Cannot decide",-155.3246063923,19.8048260834,2008-06-01,2008-08-31,"Abundance","Primary vegetation","KS1_2013__Gould 1","KS1_2013__Gould 1 65",12,3,2,NA,NA,NA,0.693147180559945,98
"KS1_2013__Gould",1,"trap_wasp",66,"CB-02.2007.07.04","2","Cannot decide",-155.3232418206,19.8051758261,2007-06-01,2007-08-31,"Abundance","Primary vegetation","KS1_2013__Gould 1","KS1_2013__Gould 1 66",0,0,NA,NA,NA,NA,NA,95
"KS1_2013__Gould",1,"trap_wasp",67,"CB-02.2007.08.01","2","Cannot decide",-155.3232418206,19.8051758261,2007-06-01,2007-08-31,"Abundance","Primary vegetation","KS1_2013__Gould 1","KS1_2013__Gould 1 67",2,1,1,NA,NA,NA,0,95
"KS1_2013__Gould",1,"trap_wasp",68,"CB-02.2008.06.28","2","Cannot decide",-155.3232418206,19.8051758261,2008-06-01,2008-08-31,"Abundance","Primary vegetation","KS1_2013__Gould 1","KS1_2013__Gould 1 68",1,1,1,NA,NA,NA,0,95
"KS1_2013__Gould",1,"trap_wasp",69,"CB-02.2008.07.10","2","Cannot decide",-155.3232418206,19.8051758261,2008-06-01,2008-08-31,"Abundance","Primary vegetation","KS1_2013__Gould 1","KS1_2013__Gould 1 69",1,1,1,NA,NA,NA,0,95
"KS1_2013__Gould",1,"trap_wasp",70,"CB-02.2008.08.06","2","Cannot decide",-155.3232418206,19.8051758261,2008-06-01,2008-08-31,"Abundance","Primary vegetation","KS1_2013__Gould 1","KS1_2013__Gould 1 70",4,2,1.6,NA,NA,NA,0.470003629245736,95
"KS1_2013__Gould",1,"trap_wasp",71,"CD+00.2007.07.13","3","Cannot decide",-155.3128293781,19.8405173503,2007-06-01,2007-08-31,"Abundance","Primary vegetation","KS1_2013__Gould 1","KS1_2013__Gould 1 71",25,6,3.37837837837838,NA,NA,NA,1.21739582465808,48
"KS1_2013__Gould",1,"trap_wasp",72,"CD+00.2007.07.19","3","Cannot decide",-155.3128293781,19.8405173503,2007-06-01,2007-08-31,"Abundance","Primary vegetation","KS1_2013__Gould 1","KS1_2013__Gould 1 72",0,0,NA,NA,NA,NA,NA,48
"KS1_2013__Gould",1,"trap_wasp",73,"CD+00.2007.08.09","3","Cannot decide",-155.3128293781,19.8405173503,2007-06-01,2007-08-31,"Abundance","Primary vegetation","KS1_2013__Gould 1","KS1_2013__Gould 1 73",20,4,2.73972602739726,NA,NA,NA,1.00785792539965,48
"KS1_2013__Gould",1,"trap_wasp",74,"CD+00.2008.07.10","3","Cannot decide",-155.3128293781,19.8405173503,2008-06-01,2008-08-31,"Abundance","Primary vegetation","KS1_2013__Gould 1","KS1_2013__Gould 1 74",12,3,2.32258064516129,NA,NA,NA,0.842678914530909,48
"KS1_2013__Gould",1,"trap_wasp",75,"CD+00.2008.07.25","3","Cannot decide",-155.3128293781,19.8405173503,2008-06-01,2008-08-31,"Abundance","Primary vegetation","KS1_2013__Gould 1","KS1_2013__Gould 1 75",12,5,2.11764705882353,NA,NA,NA,0.750305594399894,48
"KS1_2013__Gould",1,"trap_wasp",76,"CD+00.2008.08.08","3","Cannot decide",-155.3128293781,19.8405173503,2008-06-01,2008-08-31,"Abundance","Primary vegetation","KS1_2013__Gould 1","KS1_2013__Gould 1 76",13,3,2.25333333333333,NA,NA,NA,0.812410601386763,48
"KS1_2013__Gould",1,"trap_wasp",116,"CD-01.2007.07.13","3","Cannot decide",-155.3114127753,19.8407570734,2007-06-01,2007-08-31,"Abundance","Primary vegetation","KS1_2013__Gould 1","KS1_2013__Gould 1 116",1,1,1,NA,NA,NA,0,0
"KS1_2013__Gould",1,"trap_wasp",117,"CD-01.2007.08.09","3","Cannot decide",-155.3114127753,19.8407570734,2007-06-01,2007-08-31,"Abundance","Primary vegetation","KS1_2013__Gould 1","KS1_2013__Gould 1 117",7,4,3.26666666666667,NA,NA,NA,1.18377009700842,0
"KS1_2013__Gould",1,"trap_wasp",118,"CD-01.2008.07.10","3","Cannot decide",-155.3114127753,19.8407570734,2008-06-01,2008-08-31,"Abundance","Primary vegetation","KS1_2013__Gould 1","KS1_2013__Gould 1 118",11,4,2.81395348837209,NA,NA,NA,1.03459042990318,0
"KS1_2013__Gould",1,"trap_wasp",119,"CD-01.2008.07.25","3","Cannot decide",-155.3114127753,19.8407570734,2008-06-01,2008-08-31,"Abundance","Primary vegetation","KS1_2013__Gould 1","KS1_2013__Gould 1 119",5,4,3.57142857142857,NA,NA,NA,1.27296567581289,0
"KS1_2013__Gould",1,"trap_wasp",120,"CD-01.2008.08.08","3","Cannot decide",-155.3114127753,19.8407570734,2008-06-01,2008-08-31,"Abundance","Primary vegetation","KS1_2013__Gould 1","KS1_2013__Gould 1 120",7,5,3.76923076923077,NA,NA,NA,1.32687094064909,0
"KS1_2013__Gould",1,"trap_wasp",121,"CD-02.2007.07.13","3","Cannot decide",-155.3099931933,19.8407912749,2007-06-01,2007-08-31,"Abundance","Primary vegetation","KS1_2013__Gould 1","KS1_2013__Gould 1 121",7,4,3.76923076923077,NA,NA,NA,1.32687094064909,40
"KS1_2013__Gould",1,"trap_wasp",122,"CD-02.2007.08.09","3","Cannot decide",-155.3099931933,19.8407912749,2007-06-01,2007-08-31,"Abundance","Primary vegetation","KS1_2013__Gould 1","KS1_2013__Gould 1 122",0,0,NA,NA,NA,NA,NA,40
"KS1_2013__Gould",1,"trap_wasp",123,"CD-02.2008.07.10","3","Cannot decide",-155.3099931933,19.8407912749,2008-06-01,2008-08-31,"Abundance","Primary vegetation","KS1_2013__Gould 1","KS1_2013__Gould 1 123",4,3,2.66666666666667,NA,NA,NA,0.980829253011726,40
"KS1_2013__Gould",1,"trap_wasp",124,"CD-02.2008.07.25","3","Cannot decide",-155.3099931933,19.8407912749,2008-06-01,2008-08-31,"Abundance","Primary vegetation","KS1_2013__Gould 1","KS1_2013__Gould 1 124",5,3,2.77777777777778,NA,NA,NA,1.02165124753198,40
"KS1_2013__Gould",1,"trap_wasp",125,"CD-02.2008.08.08","3","Cannot decide",-155.3099931933,19.8407912749,2008-06-01,2008-08-31,"Abundance","Primary vegetation","KS1_2013__Gould 1","KS1_2013__Gould 1 125",6,3,2,NA,NA,NA,0.693147180559945,40
"KS1_2013__Gould",1,"trap_wasp",126,"CE+00.2007.07.18","4","Cannot decide",-155.3107235795,19.843927814,2007-06-01,2007-08-31,"Abundance","Primary vegetation","KS1_2013__Gould 1","KS1_2013__Gould 1 126",4,3,2.66666666666667,NA,NA,NA,0.980829253011726,0
"KS1_2013__Gould",1,"trap_wasp",127,"CE+00.2007.08.10","4","Cannot decide",-155.3107235795,19.843927814,2007-06-01,2007-08-31,"Abundance","Primary vegetation","KS1_2013__Gould 1","KS1_2013__Gould 1 127",2,2,2,NA,NA,NA,0.693147180559945,0
"KS1_2013__Gould",1,"trap_wasp",128,"CE+00.2008.07.08","4","Cannot decide",-155.3107235795,19.843927814,2008-06-01,2008-08-31,"Abundance","Primary vegetation","KS1_2013__Gould 1","KS1_2013__Gould 1 128",2,2,2,NA,NA,NA,0.693147180559945,0
"KS1_2013__Gould",1,"trap_wasp",129,"CE+00.2008.07.27","4","Cannot decide",-155.3107235795,19.843927814,2008-06-01,2008-08-31,"Abundance","Primary vegetation","KS1_2013__Gould 1","KS1_2013__Gould 1 129",21,4,2.6094674556213,NA,NA,NA,0.959146160523773,0
"KS1_2013__Gould",1,"trap_wasp",130,"CE+00.2008.08.08","4","Cannot decide",-155.3107235795,19.843927814,2008-06-01,2008-08-31,"Abundance","Primary vegetation","KS1_2013__Gould 1","KS1_2013__Gould 1 130",4,2,1.6,NA,NA,NA,0.470003629245736,0
"KS1_2013__Gould",1,"trap_wasp",155,"CE-01.2007.07.18","4","Cannot decide",-155.3092210615,19.8440105004,2007-06-01,2007-08-31,"Abundance","Primary vegetation","KS1_2013__Gould 1","KS1_2013__Gould 1 155",13,4,2.68253968253968,NA,NA,NA,0.986763988531541,0
"KS1_2013__Gould",1,"trap_wasp",156,"CE-01.2007.08.10","4","Cannot decide",-155.3092210615,19.8440105004,2007-06-01,2007-08-31,"Abundance","Primary vegetation","KS1_2013__Gould 1","KS1_2013__Gould 1 156",7,3,2.33333333333333,NA,NA,NA,0.847297860387204,0
"KS1_2013__Gould",1,"trap_wasp",157,"CE-01.2008.07.08","4","Cannot decide",-155.3092210615,19.8440105004,2008-06-01,2008-08-31,"Abundance","Primary vegetation","KS1_2013__Gould 1","KS1_2013__Gould 1 157",4,3,2.66666666666667,NA,NA,NA,0.980829253011726,0
"KS1_2013__Gould",1,"trap_wasp",158,"CE-01.2008.07.27","4","Cannot decide",-155.3092210615,19.8440105004,2008-06-01,2008-08-31,"Abundance","Primary vegetation","KS1_2013__Gould 1","KS1_2013__Gould 1 158",11,5,2.28301886792453,NA,NA,NA,0.825498632044619,0
"KS1_2013__Gould",1,"trap_wasp",159,"CE-01.2008.08.08","4","Cannot decide",-155.3092210615,19.8440105004,2008-06-01,2008-08-31,"Abundance","Primary vegetation","KS1_2013__Gould 1","KS1_2013__Gould 1 159",3,2,1.8,NA,NA,NA,0.587786664902119,0
"KS1_2013__Gould",1,"trap_wasp",160,"CE-02.2007.07.18","4","Cannot decide",-155.3078176909,19.844012868,2007-06-01,2007-08-31,"Abundance","Primary vegetation","KS1_2013__Gould 1","KS1_2013__Gould 1 160",5,2,1.92307692307692,NA,NA,NA,0.653926467406664,40
"KS1_2013__Gould",1,"trap_wasp",161,"CE-02.2007.08.10","4","Cannot decide",-155.3078176909,19.844012868,2007-06-01,2007-08-31,"Abundance","Primary vegetation","KS1_2013__Gould 1","KS1_2013__Gould 1 161",6,1,1,NA,NA,NA,0,40
"KS1_2013__Gould",1,"trap_wasp",162,"CE-02.2008.07.08","4","Cannot decide",-155.3078176909,19.844012868,2008-06-01,2008-08-31,"Abundance","Primary vegetation","KS1_2013__Gould 1","KS1_2013__Gould 1 162",2,2,2,NA,NA,NA,0.693147180559945,40
"KS1_2013__Gould",1,"trap_wasp",163,"CE-02.2008.07.27","4","Cannot decide",-155.3078176909,19.844012868,2008-06-01,2008-08-31,"Abundance","Primary vegetation","KS1_2013__Gould 1","KS1_2013__Gould 1 163",9,3,1.97560975609756,NA,NA,NA,0.680877087968131,40
"KS1_2013__Gould",1,"trap_wasp",164,"CE-02.2008.08.08","4","Cannot decide",-155.3078176909,19.844012868,2008-06-01,2008-08-31,"Abundance","Primary vegetation","KS1_2013__Gould 1","KS1_2013__Gould 1 164",2,2,2,NA,NA,NA,0.693147180559945,40
"KS1_2013__Gould",1,"trap_wasp",165,"CF+00.2007.07.13","5","Cannot decide",-155.3104640715,19.8386984343,2007-06-01,2007-08-31,"Abundance","Primary vegetation","KS1_2013__Gould 1","KS1_2013__Gould 1 165",39,4,2.21397379912664,NA,NA,NA,0.794789000036944,0
"KS1_2013__Gould",1,"trap_wasp",166,"CF+00.2007.08.09","5","Cannot decide",-155.3104640715,19.8386984343,2007-06-01,2007-08-31,"Abundance","Primary vegetation","KS1_2013__Gould 1","KS1_2013__Gould 1 166",57,6,2.13609467455621,NA,NA,NA,0.758979243409807,0
"KS1_2013__Gould",1,"trap_wasp",167,"CF+00.2008.07.25","5","Cannot decide",-155.3104640715,19.8386984343,2008-06-01,2008-08-31,"Abundance","Primary vegetation","KS1_2013__Gould 1","KS1_2013__Gould 1 167",23,6,3.28571428571429,NA,NA,NA,1.18958406687384,0
"KS1_2013__Gould",1,"trap_wasp",168,"CF+00.2008.08.06","5","Cannot decide",-155.3104640715,19.8386984343,2008-06-01,2008-08-31,"Abundance","Primary vegetation","KS1_2013__Gould 1","KS1_2013__Gould 1 168",31,6,3.0702875399361,NA,NA,NA,1.12177121843014,0
"KS1_2013__Gould",1,"trap_wasp",216,"CF-01.2007.07.13","5","Cannot decide",-155.30904885,19.8390329468,2007-06-01,2007-08-31,"Abundance","Primary vegetation","KS1_2013__Gould 1","KS1_2013__Gould 1 216",5,1,1,NA,NA,NA,0,0
"KS1_2013__Gould",1,"trap_wasp",217,"CF-01.2007.08.09","5","Cannot decide",-155.30904885,19.8390329468,2007-06-01,2007-08-31,"Abundance","Primary vegetation","KS1_2013__Gould 1","KS1_2013__Gould 1 217",7,2,1.68965517241379,NA,NA,NA,0.524524468124153,0
"KS1_2013__Gould",1,"trap_wasp",218,"CF-01.2008.08.06","5","Cannot decide",-155.30904885,19.8390329468,2008-06-01,2008-08-31,"Abundance","Primary vegetation","KS1_2013__Gould 1","KS1_2013__Gould 1 218",3,1,1,NA,NA,NA,0,0
"KS1_2013__Gould",1,"trap_wasp",219,"CF-02.2007.07.13","5","Cannot decide",-155.3077235444,19.8394611123,2007-06-01,2007-08-31,"Abundance","Primary vegetation","KS1_2013__Gould 1","KS1_2013__Gould 1 219",6,2,1.38461538461538,NA,NA,NA,0.325422400434628,0
"KS1_2013__Gould",1,"trap_wasp",220,"CF-02.2007.08.09","5","Cannot decide",-155.3077235444,19.8394611123,2007-06-01,2007-08-31,"Abundance","Primary vegetation","KS1_2013__Gould 1","KS1_2013__Gould 1 220",2,1,1,NA,NA,NA,0,0
"KS1_2013__Gould",1,"trap_wasp",221,"CF-02.2008.07.25","5","Cannot decide",-155.3077235444,19.8394611123,2008-06-01,2008-08-31,"Abundance","Primary vegetation","KS1_2013__Gould 1","KS1_2013__Gould 1 221",1,1,1,NA,NA,NA,0,0
"KS1_2013__Gould",1,"trap_wasp",222,"CF-02.2008.08.06","5","Cannot decide",-155.3077235444,19.8394611123,2008-06-01,2008-08-31,"Abundance","Primary vegetation","KS1_2013__Gould 1","KS1_2013__Gould 1 222",2,2,2,NA,NA,NA,0.693147180559945,0
"KS1_2013__Gould",1,"trap_wasp",223,"CG+00.2007.07.07","6","Cannot decide",-155.3077082857,19.8360940364,2007-06-01,2007-08-31,"Abundance","Primary vegetation","KS1_2013__Gould 1","KS1_2013__Gould 1 223",6,3,2,NA,NA,NA,0.693147180559945,5
"KS1_2013__Gould",1,"trap_wasp",224,"CG+00.2007.08.06","6","Cannot decide",-155.3077082857,19.8360940364,2007-06-01,2007-08-31,"Abundance","Primary vegetation","KS1_2013__Gould 1","KS1_2013__Gould 1 224",1,1,1,NA,NA,NA,0,5
"KS1_2013__Gould",1,"trap_wasp",225,"CG+00.2008.07.22","6","Cannot decide",-155.3077082857,19.8360940364,2008-06-01,2008-08-31,"Abundance","Primary vegetation","KS1_2013__Gould 1","KS1_2013__Gould 1 225",7,3,1.81481481481481,NA,NA,NA,0.595983432106297,5
"KS1_2013__Gould",1,"trap_wasp",226,"CG+00.2008.08.06","6","Cannot decide",-155.3077082857,19.8360940364,2008-06-01,2008-08-31,"Abundance","Primary vegetation","KS1_2013__Gould 1","KS1_2013__Gould 1 226",4,2,1.6,NA,NA,NA,0.470003629245736,5
"KS1_2013__Gould",1,"trap_wasp",300,"CG-01.2007.07.07","6","Cannot decide",-155.3063267042,19.8364438952,2007-06-01,2007-08-31,"Abundance","Primary vegetation","KS1_2013__Gould 1","KS1_2013__Gould 1 300",2,1,1,NA,NA,NA,0,40
"KS1_2013__Gould",1,"trap_wasp",301,"CG-01.2007.08.06","6","Cannot decide",-155.3063267042,19.8364438952,2007-06-01,2007-08-31,"Abundance","Primary vegetation","KS1_2013__Gould 1","KS1_2013__Gould 1 301",0,0,NA,NA,NA,NA,NA,40
"KS1_2013__Gould",1,"trap_wasp",302,"CG-01.2008.07.22","6","Cannot decide",-155.3063267042,19.8364438952,2008-06-01,2008-08-31,"Abundance","Primary vegetation","KS1_2013__Gould 1","KS1_2013__Gould 1 302",2,2,2,NA,NA,NA,0.693147180559945,40
"KS1_2013__Gould",1,"trap_wasp",303,"CG-01.2008.08.06","6","Cannot decide",-155.3063267042,19.8364438952,2008-06-01,2008-08-31,"Abundance","Primary vegetation","KS1_2013__Gould 1","KS1_2013__Gould 1 303",1,1,1,NA,NA,NA,0,40
"KS1_2013__Gould",1,"trap_wasp",304,"CG-02.2007.07.07","6","Cannot decide",-155.3048959314,19.8368575978,2007-06-01,2007-08-31,"Abundance","Primary vegetation","KS1_2013__Gould 1","KS1_2013__Gould 1 304",0,0,NA,NA,NA,NA,NA,76
"KS1_2013__Gould",1,"trap_wasp",305,"CG-02.2007.08.06","6","Cannot decide",-155.3048959314,19.8368575978,2007-06-01,2007-08-31,"Abundance","Primary vegetation","KS1_2013__Gould 1","KS1_2013__Gould 1 305",2,2,2,NA,NA,NA,0.693147180559945,76
"KS1_2013__Gould",1,"trap_wasp",306,"CG-02.2008.08.06","6","Cannot decide",-155.3048959314,19.8368575978,2008-06-01,2008-08-31,"Abundance","Primary vegetation","KS1_2013__Gould 1","KS1_2013__Gould 1 306",1,1,1,NA,NA,NA,0,76
"KS1_2013__Gould",1,"trap_wasp",307,"CH+00.2007.07.02","7","Cannot decide",-155.3188786754,19.8199031751,2007-06-01,2007-08-31,"Abundance","Primary vegetation","KS1_2013__Gould 1","KS1_2013__Gould 1 307",31,5,2.63287671232877,NA,NA,NA,0.968077055387801,52
"KS1_2013__Gould",1,"trap_wasp",308,"CH+00.2007.08.01","7","Cannot decide",-155.3188786754,19.8199031751,2007-06-01,2007-08-31,"Abundance","Primary vegetation","KS1_2013__Gould 1","KS1_2013__Gould 1 308",6,3,2,NA,NA,NA,0.693147180559945,52
"KS1_2013__Gould",1,"trap_wasp",309,"CH+00.2008.07.15","7","Cannot decide",-155.3188786754,19.8199031751,2008-06-01,2008-08-31,"Abundance","Primary vegetation","KS1_2013__Gould 1","KS1_2013__Gould 1 309",7,1,1,NA,NA,NA,0,52
"KS1_2013__Gould",1,"trap_wasp",310,"CH+00.2008.07.29","7","Cannot decide",-155.3188786754,19.8199031751,2008-06-01,2008-08-31,"Abundance","Primary vegetation","KS1_2013__Gould 1","KS1_2013__Gould 1 310",3,3,3,NA,NA,NA,1.09861228866811,52
"KS1_2013__Gould",1,"trap_wasp",311,"CH+00.2008.08.08","7","Cannot decide",-155.3188786754,19.8199031751,2008-06-01,2008-08-31,"Abundance","Primary vegetation","KS1_2013__Gould 1","KS1_2013__Gould 1 311",1,1,1,NA,NA,NA,0,52
"KS1_2013__Gould",1,"trap_wasp",337,"CH-01.2007.07.02","7","Cannot decide",-155.3178390911,19.8207861081,2007-06-01,2007-08-31,"Abundance","Primary vegetation","KS1_2013__Gould 1","KS1_2013__Gould 1 337",1,1,1,NA,NA,NA,0,96
"KS1_2013__Gould",1,"trap_wasp",338,"CH-01.2007.08.01","7","Cannot decide",-155.3178390911,19.8207861081,2007-06-01,2007-08-31,"Abundance","Primary vegetation","KS1_2013__Gould 1","KS1_2013__Gould 1 338",5,3,2.27272727272727,NA,NA,NA,0.82098055206983,96
"KS1_2013__Gould",1,"trap_wasp",339,"CH-01.2008.07.15","7","Cannot decide",-155.3178390911,19.8207861081,2008-06-01,2008-08-31,"Abundance","Primary vegetation","KS1_2013__Gould 1","KS1_2013__Gould 1 339",1,1,1,NA,NA,NA,0,96
"KS1_2013__Gould",1,"trap_wasp",340,"CH-01.2008.07.29","7","Cannot decide",-155.3178390911,19.8207861081,2008-06-01,2008-08-31,"Abundance","Primary vegetation","KS1_2013__Gould 1","KS1_2013__Gould 1 340",1,1,1,NA,NA,NA,0,96
"KS1_2013__Gould",1,"trap_wasp",341,"CH-02.2007.07.02","7","Cannot decide",-155.3165446868,19.8213720587,2007-06-01,2007-08-31,"Abundance","Primary vegetation","KS1_2013__Gould 1","KS1_2013__Gould 1 341",0,0,NA,NA,NA,NA,NA,90
"KS1_2013__Gould",1,"trap_wasp",342,"CH-02.2007.08.01","7","Cannot decide",-155.3165446868,19.8213720587,2007-06-01,2007-08-31,"Abundance","Primary vegetation","KS1_2013__Gould 1","KS1_2013__Gould 1 342",3,2,1.8,NA,NA,NA,0.587786664902119,90
"KS1_2013__Gould",1,"trap_wasp",343,"CH-02.2008.07.15","7","Cannot decide",-155.3165446868,19.8213720587,2008-06-01,2008-08-31,"Abundance","Primary vegetation","KS1_2013__Gould 1","KS1_2013__Gould 1 343",10,3,2.38095238095238,NA,NA,NA,0.867500567704723,90
"KS1_2013__Gould",1,"trap_wasp",344,"CH-02.2008.07.29","7","Cannot decide",-155.3165446868,19.8213720587,2008-06-01,2008-08-31,"Abundance","Primary vegetation","KS1_2013__Gould 1","KS1_2013__Gould 1 344",5,3,2.27272727272727,NA,NA,NA,0.82098055206983,90
"KS1_2013__Gould",1,"trap_wasp",345,"CH-02.2008.08.08","7","Cannot decide",-155.3165446868,19.8213720587,2008-06-01,2008-08-31,"Abundance","Primary vegetation","KS1_2013__Gould 1","KS1_2013__Gould 1 345",11,3,2.46938775510204,NA,NA,NA,0.903970247486115,90
"KS1_2013__Gould",1,"trap_wasp",346,"CL+00.2007.07.06","8","Cannot decide",-155.3116527601,19.8277906383,2007-06-01,2007-08-31,"Abundance","Primary vegetation","KS1_2013__Gould 1","KS1_2013__Gould 1 346",3,2,1.8,NA,NA,NA,0.587786664902119,0
"KS1_2013__Gould",1,"trap_wasp",347,"CL+00.2007.08.08","8","Cannot decide",-155.3116527601,19.8277906383,2007-06-01,2007-08-31,"Abundance","Primary vegetation","KS1_2013__Gould 1","KS1_2013__Gould 1 347",6,4,3.6,NA,NA,NA,1.28093384546206,0
"KS1_2013__Gould",1,"trap_wasp",348,"CL+00.2008.06.28","8","Cannot decide",-155.3116527601,19.8277906383,2008-06-01,2008-08-31,"Abundance","Primary vegetation","KS1_2013__Gould 1","KS1_2013__Gould 1 348",5,3,2.27272727272727,NA,NA,NA,0.82098055206983,0
"KS1_2013__Gould",1,"trap_wasp",349,"CL+00.2008.07.15","8","Cannot decide",-155.3116527601,19.8277906383,2008-06-01,2008-08-31,"Abundance","Primary vegetation","KS1_2013__Gould 1","KS1_2013__Gould 1 349",3,3,3,NA,NA,NA,1.09861228866811,0
"KS1_2013__Gould",1,"trap_wasp",350,"CL+00.2008.08.12","8","Cannot decide",-155.3116527601,19.8277906383,2008-06-01,2008-08-31,"Abundance","Primary vegetation","KS1_2013__Gould 1","KS1_2013__Gould 1 350",11,3,1.4578313253012,NA,NA,NA,0.376949937800143,0
"KS1_2013__Gould",1,"trap_wasp",400,"CL-01.2007.07.06a","8","Cannot decide",-155.3130493489,19.8273299192,2007-06-01,2007-08-31,"Abundance","Primary vegetation","KS1_2013__Gould 1","KS1_2013__Gould 1 400",9,5,3.85714285714286,NA,NA,NA,1.34992671694902,20
"KS1_2013__Gould",1,"trap_wasp",401,"CL-01.2007.07.06b","8","Cannot decide",-155.3130493489,19.8273299192,2007-06-01,2007-08-31,"Abundance","Primary vegetation","KS1_2013__Gould 1","KS1_2013__Gould 1 401",0,0,NA,NA,NA,NA,NA,20
"KS1_2013__Gould",1,"trap_wasp",402,"CL-01.2007.08.08","8","Cannot decide",-155.3130493489,19.8273299192,2007-06-01,2007-08-31,"Abundance","Primary vegetation","KS1_2013__Gould 1","KS1_2013__Gould 1 402",9,3,1.97560975609756,NA,NA,NA,0.680877087968131,20
"KS1_2013__Gould",1,"trap_wasp",403,"CL-01.2008.06.28","8","Cannot decide",-155.3130493489,19.8273299192,2008-06-01,2008-08-31,"Abundance","Primary vegetation","KS1_2013__Gould 1","KS1_2013__Gould 1 403",4,1,1,NA,NA,NA,0,20
"KS1_2013__Gould",1,"trap_wasp",404,"CL-01.2008.07.15","8","Cannot decide",-155.3130493489,19.8273299192,2008-06-01,2008-08-31,"Abundance","Primary vegetation","KS1_2013__Gould 1","KS1_2013__Gould 1 404",4,2,1.6,NA,NA,NA,0.470003629245736,20
"KS1_2013__Gould",1,"trap_wasp",405,"CL-01.2008.08.12","8","Cannot decide",-155.3130493489,19.8273299192,2008-06-01,2008-08-31,"Abundance","Primary vegetation","KS1_2013__Gould 1","KS1_2013__Gould 1 405",5,4,3.57142857142857,NA,NA,NA,1.27296567581289,20
"KS1_2013__Gould",1,"trap_wasp",406,"CL-02.2007.08.08","8","Cannot decide",-155.3088829013,19.8280162529,2007-06-01,2007-08-31,"Abundance","Primary vegetation","KS1_2013__Gould 1","KS1_2013__Gould 1 406",8,3,2.46153846153846,NA,NA,NA,0.90078654533819,73
"KS1_2013__Gould",1,"trap_wasp",407,"CL-02.2008.06.28","8","Cannot decide",-155.3088829013,19.8280162529,2008-06-01,2008-08-31,"Abundance","Primary vegetation","KS1_2013__Gould 1","KS1_2013__Gould 1 407",8,4,2.90909090909091,NA,NA,NA,1.06784063000136,73
"KS1_2013__Gould",1,"trap_wasp",408,"CL-02.2008.07.15","8","Cannot decide",-155.3088829013,19.8280162529,2008-06-01,2008-08-31,"Abundance","Primary vegetation","KS1_2013__Gould 1","KS1_2013__Gould 1 408",3,2,1.8,NA,NA,NA,0.587786664902119,73
"KS1_2013__Gould",1,"trap_wasp",409,"CL-02.2008.08.12","8","Cannot decide",-155.3088829013,19.8280162529,2008-06-01,2008-08-31,"Abundance","Primary vegetation","KS1_2013__Gould 1","KS1_2013__Gould 1 409",2,1,1,NA,NA,NA,0,73
"KS1_2013__Gould",1,"trap_wasp",410,"CM+00.2007.06.22","9","Cannot decide",-155.3265743646,19.800026157,2007-06-01,2007-08-31,"Abundance","Primary vegetation","KS1_2013__Gould 1","KS1_2013__Gould 1 410",2,2,2,NA,NA,NA,0.693147180559945,0
"KS1_2013__Gould",1,"trap_wasp",411,"CM+00.2007.07.20","9","Cannot decide",-155.3265743646,19.800026157,2007-06-01,2007-08-31,"Abundance","Primary vegetation","KS1_2013__Gould 1","KS1_2013__Gould 1 411",0,0,NA,NA,NA,NA,NA,0
"KS1_2013__Gould",1,"trap_wasp",412,"CM+00.2008.06.26","9","Cannot decide",-155.3265743646,19.800026157,2008-06-01,2008-08-31,"Abundance","Primary vegetation","KS1_2013__Gould 1","KS1_2013__Gould 1 412",2,2,2,NA,NA,NA,0.693147180559945,0
"KS1_2013__Gould",1,"trap_wasp",413,"CM+00.2008.07.10","9","Cannot decide",-155.3265743646,19.800026157,2008-06-01,2008-08-31,"Abundance","Primary vegetation","KS1_2013__Gould 1","KS1_2013__Gould 1 413",2,2,2,NA,NA,NA,0.693147180559945,0
"KS1_2013__Gould",1,"trap_wasp",414,"CM+00.2008.08.06","9","Cannot decide",-155.3265743646,19.800026157,2008-06-01,2008-08-31,"Abundance","Primary vegetation","KS1_2013__Gould 1","KS1_2013__Gould 1 414",5,2,1.47058823529412,NA,NA,NA,0.385662480811984,0
"KS1_2013__Gould",1,"trap_wasp",438,"CM-01.2007.06.22","9","Cannot decide",-155.3251198387,19.7999344669,2007-06-01,2007-08-31,"Abundance","Primary vegetation","KS1_2013__Gould 1","KS1_2013__Gould 1 438",1,1,1,NA,NA,NA,0,98
"KS1_2013__Gould",1,"trap_wasp",439,"CM-01.2007.07.20","9","Cannot decide",-155.3251198387,19.7999344669,2007-06-01,2007-08-31,"Abundance","Primary vegetation","KS1_2013__Gould 1","KS1_2013__Gould 1 439",6,4,3.6,NA,NA,NA,1.28093384546206,98
"KS1_2013__Gould",1,"trap_wasp",440,"CM-01.2008.07.10","9","Cannot decide",-155.3251198387,19.7999344669,2008-06-01,2008-08-31,"Abundance","Primary vegetation","KS1_2013__Gould 1","KS1_2013__Gould 1 440",7,2,1.32432432432432,NA,NA,NA,0.280902385466402,98
"KS1_2013__Gould",1,"trap_wasp",441,"CM-01.2008.08.06","9","Cannot decide",-155.3251198387,19.7999344669,2008-06-01,2008-08-31,"Abundance","Primary vegetation","KS1_2013__Gould 1","KS1_2013__Gould 1 441",15,3,2.77777777777778,NA,NA,NA,1.02165124753198,98
"KS1_2013__Gould",1,"trap_wasp",442,"CM-02.2007.06.22","9","Cannot decide",-155.3237486515,19.7998257857,2007-06-01,2007-08-31,"Abundance","Primary vegetation","KS1_2013__Gould 1","KS1_2013__Gould 1 442",1,1,1,NA,NA,NA,0,98
"KS1_2013__Gould",1,"trap_wasp",443,"CM-02.2007.07.20","9","Cannot decide",-155.3237486515,19.7998257857,2007-06-01,2007-08-31,"Abundance","Primary vegetation","KS1_2013__Gould 1","KS1_2013__Gould 1 443",7,1,1,NA,NA,NA,0,98
"KS1_2013__Gould",1,"trap_wasp",444,"CM-02.2008.06.26","9","Cannot decide",-155.3237486515,19.7998257857,2008-06-01,2008-08-31,"Abundance","Primary vegetation","KS1_2013__Gould 1","KS1_2013__Gould 1 444",8,2,1.28,NA,NA,NA,0.246860077931526,98
"KS1_2013__Gould",1,"trap_wasp",445,"CM-02.2008.07.10","9","Cannot decide",-155.3237486515,19.7998257857,2008-06-01,2008-08-31,"Abundance","Primary vegetation","KS1_2013__Gould 1","KS1_2013__Gould 1 445",5,2,1.92307692307692,NA,NA,NA,0.653926467406664,98
"KS1_2013__Gould",1,"trap_wasp",446,"CM-02.2008.08.06","9","Cannot decide",-155.3237486515,19.7998257857,2008-06-01,2008-08-31,"Abundance","Primary vegetation","KS1_2013__Gould 1","KS1_2013__Gould 1 446",5,3,2.77777777777778,NA,NA,NA,1.02165124753198,98
"KS1_2013__Gould",1,"trap_wasp",447,"CN+00.2007.07.18","10","Cannot decide",-155.3112953563,19.8453431696,2007-06-01,2007-08-31,"Abundance","Primary vegetation","KS1_2013__Gould 1","KS1_2013__Gould 1 447",25,3,2.32342007434944,NA,NA,NA,0.843040270134562,0
"KS1_2013__Gould",1,"trap_wasp",448,"CN+00.2007.08.10","10","Cannot decide",-155.3112953563,19.8453431696,2007-06-01,2007-08-31,"Abundance","Primary vegetation","KS1_2013__Gould 1","KS1_2013__Gould 1 448",21,2,1.8,NA,NA,NA,0.587786664902119,0
"KS1_2013__Gould",1,"trap_wasp",449,"CN+00.2008.07.08","10","Cannot decide",-155.3112953563,19.8453431696,2008-06-01,2008-08-31,"Abundance","Primary vegetation","KS1_2013__Gould 1","KS1_2013__Gould 1 449",10,3,2.38095238095238,NA,NA,NA,0.867500567704723,0
"KS1_2013__Gould",1,"trap_wasp",450,"CN+00.2008.07.27","10","Cannot decide",-155.3112953563,19.8453431696,2008-06-01,2008-08-31,"Abundance","Primary vegetation","KS1_2013__Gould 1","KS1_2013__Gould 1 450",40,4,1.44665461121157,NA,NA,NA,0.369253726145593,0
"KS1_2013__Gould",1,"trap_wasp",451,"CN+00.2008.08.08","10","Cannot decide",-155.3112953563,19.8453431696,2008-06-01,2008-08-31,"Abundance","Primary vegetation","KS1_2013__Gould 1","KS1_2013__Gould 1 451",9,3,1.97560975609756,NA,NA,NA,0.680877087968131,0
"KS1_2013__Gould",1,"trap_wasp",476,"CN-01.2007.07.18","10","Cannot decide",-155.3099262899,19.8454083282,2007-06-01,2007-08-31,"Abundance","Primary vegetation","KS1_2013__Gould 1","KS1_2013__Gould 1 476",6,2,1.38461538461538,NA,NA,NA,0.325422400434628,73
"KS1_2013__Gould",1,"trap_wasp",477,"CN-01.2007.08.10","10","Cannot decide",-155.3099262899,19.8454083282,2007-06-01,2007-08-31,"Abundance","Primary vegetation","KS1_2013__Gould 1","KS1_2013__Gould 1 477",5,1,1,NA,NA,NA,0,73
"KS1_2013__Gould",1,"trap_wasp",478,"CN-01.2008.07.08","10","Cannot decide",-155.3099262899,19.8454083282,2008-06-01,2008-08-31,"Abundance","Primary vegetation","KS1_2013__Gould 1","KS1_2013__Gould 1 478",12,2,1.38461538461538,NA,NA,NA,0.325422400434628,73
"KS1_2013__Gould",1,"trap_wasp",479,"CN-01.2008.07.27","10","Cannot decide",-155.3099262899,19.8454083282,2008-06-01,2008-08-31,"Abundance","Primary vegetation","KS1_2013__Gould 1","KS1_2013__Gould 1 479",22,2,1.09502262443439,NA,NA,NA,0.0907750246389335,73
"KS1_2013__Gould",1,"trap_wasp",480,"CN-01.2008.08.08","10","Cannot decide",-155.3099262899,19.8454083282,2008-06-01,2008-08-31,"Abundance","Primary vegetation","KS1_2013__Gould 1","KS1_2013__Gould 1 480",1,1,1,NA,NA,NA,0,73
"KS1_2013__Gould",1,"trap_wasp",481,"CN-02.2007.07.18","10","Cannot decide",-155.3084741812,19.8455062512,2007-06-01,2007-08-31,"Abundance","Primary vegetation","KS1_2013__Gould 1","KS1_2013__Gould 1 481",1,1,1,NA,NA,NA,0,37
"KS1_2013__Gould",1,"trap_wasp",482,"CN-02.2007.08.10","10","Cannot decide",-155.3084741812,19.8455062512,2007-06-01,2007-08-31,"Abundance","Primary vegetation","KS1_2013__Gould 1","KS1_2013__Gould 1 482",2,2,2,NA,NA,NA,0.693147180559945,37
"KS1_2013__Gould",1,"trap_wasp",483,"CN-02.2008.07.08","10","Cannot decide",-155.3084741812,19.8455062512,2008-06-01,2008-08-31,"Abundance","Primary vegetation","KS1_2013__Gould 1","KS1_2013__Gould 1 483",4,2,1.6,NA,NA,NA,0.470003629245736,37
"KS1_2013__Gould",1,"trap_wasp",484,"CN-02.2008.07.27","10","Cannot decide",-155.3084741812,19.8455062512,2008-06-01,2008-08-31,"Abundance","Primary vegetation","KS1_2013__Gould 1","KS1_2013__Gould 1 484",11,4,1.80597014925373,NA,NA,NA,0.591097926205775,37
"KS1_2013__Gould",1,"trap_wasp",485,"CP+00.2007.07.02","11","Cannot decide",-155.3142123484,19.8234258418,2007-06-01,2007-08-31,"Abundance","Primary vegetation","KS1_2013__Gould 1","KS1_2013__Gould 1 485",1,1,1,NA,NA,NA,0,0
"KS1_2013__Gould",1,"trap_wasp",486,"CP+00.2007.08.01","11","Cannot decide",-155.3142123484,19.8234258418,2007-06-01,2007-08-31,"Abundance","Primary vegetation","KS1_2013__Gould 1","KS1_2013__Gould 1 486",20,4,3.50877192982456,NA,NA,NA,1.25526609871349,0
"KS1_2013__Gould",1,"trap_wasp",487,"CP+00.2008.06.26","11","Cannot decide",-155.3142123484,19.8234258418,2008-06-01,2008-08-31,"Abundance","Primary vegetation","KS1_2013__Gould 1","KS1_2013__Gould 1 487",4,2,1.6,NA,NA,NA,0.470003629245736,0
"KS1_2013__Gould",1,"trap_wasp",488,"CP+00.2008.07.31","11","Cannot decide",-155.3142123484,19.8234258418,2008-06-01,2008-08-31,"Abundance","Primary vegetation","KS1_2013__Gould 1","KS1_2013__Gould 1 488",9,3,1.58823529411765,NA,NA,NA,0.462623521948113,0
"KS1_2013__Gould",1,"trap_wasp",532,"CP-01.2007.07.02","11","Cannot decide",-155.312965842,19.8227148152,2007-06-01,2007-08-31,"Abundance","Primary vegetation","KS1_2013__Gould 1","KS1_2013__Gould 1 532",0,0,NA,NA,NA,NA,NA,79
"KS1_2013__Gould",1,"trap_wasp",533,"CP-01.2007.08.01","11","Cannot decide",-155.312965842,19.8227148152,2007-06-01,2007-08-31,"Abundance","Primary vegetation","KS1_2013__Gould 1","KS1_2013__Gould 1 533",5,3,2.27272727272727,NA,NA,NA,0.82098055206983,79
"KS1_2013__Gould",1,"trap_wasp",534,"CP-01.2008.07.31","11","Cannot decide",-155.312965842,19.8227148152,2008-06-01,2008-08-31,"Abundance","Primary vegetation","KS1_2013__Gould 1","KS1_2013__Gould 1 534",2,1,1,NA,NA,NA,0,79
"KS1_2013__Gould",1,"trap_wasp",535,"CP-01.2008.08.12","11","Cannot decide",-155.312965842,19.8227148152,2008-06-01,2008-08-31,"Abundance","Primary vegetation","KS1_2013__Gould 1","KS1_2013__Gould 1 535",11,3,1.7536231884058,NA,NA,NA,0.561684040999482,79
"KS1_2013__Gould",1,"trap_wasp",536,"CP-02.2007.07.02","11","Cannot decide",-155.3120344007,19.8218415612,2007-06-01,2007-08-31,"Abundance","Primary vegetation","KS1_2013__Gould 1","KS1_2013__Gould 1 536",4,2,1.6,NA,NA,NA,0.470003629245736,80
"KS1_2013__Gould",1,"trap_wasp",537,"CP-02.2007.08.01","11","Cannot decide",-155.3120344007,19.8218415612,2007-06-01,2007-08-31,"Abundance","Primary vegetation","KS1_2013__Gould 1","KS1_2013__Gould 1 537",5,1,1,NA,NA,NA,0,80
"KS1_2013__Gould",1,"trap_wasp",538,"CP-02.2008.06.26","11","Cannot decide",-155.3120344007,19.8218415612,2008-06-01,2008-08-31,"Abundance","Primary vegetation","KS1_2013__Gould 1","KS1_2013__Gould 1 538",3,1,1,NA,NA,NA,0,80
"KS1_2013__Gould",1,"trap_wasp",539,"CP-02.2008.07.31","11","Cannot decide",-155.3120344007,19.8218415612,2008-06-01,2008-08-31,"Abundance","Primary vegetation","KS1_2013__Gould 1","KS1_2013__Gould 1 539",2,2,2,NA,NA,NA,0.693147180559945,80
"KS1_2013__Gould",1,"trap_wasp",540,"CP-02.2008.08.02","11","Cannot decide",-155.3120344007,19.8218415612,2008-06-01,2008-08-31,"Abundance","Primary vegetation","KS1_2013__Gould 1","KS1_2013__Gould 1 540",2,1,1,NA,NA,NA,0,80
"KS1_2013__Gould",1,"trap_wasp",541,"CT+00.2007.07.04","12","Cannot decide",-155.3232411315,19.8108827821,2007-06-01,2007-08-31,"Abundance","Primary vegetation","KS1_2013__Gould 1","KS1_2013__Gould 1 541",8,3,2.13333333333333,NA,NA,NA,0.757685701697516,95
"KS1_2013__Gould",1,"trap_wasp",542,"CT+00.2007.08.01","12","Cannot decide",-155.3232411315,19.8108827821,2007-06-01,2007-08-31,"Abundance","Primary vegetation","KS1_2013__Gould 1","KS1_2013__Gould 1 542",0,0,NA,NA,NA,NA,NA,95
"KS1_2013__Gould",1,"trap_wasp",543,"CT+00.2008.06.30","12","Cannot decide",-155.3232411315,19.8108827821,2008-06-01,2008-08-31,"Abundance","Primary vegetation","KS1_2013__Gould 1","KS1_2013__Gould 1 543",0,0,NA,NA,NA,NA,NA,95
"KS1_2013__Gould",1,"trap_wasp",544,"CT+00.2008.07.17","12","Cannot decide",-155.3232411315,19.8108827821,2008-06-01,2008-08-31,"Abundance","Primary vegetation","KS1_2013__Gould 1","KS1_2013__Gould 1 544",1,1,1,NA,NA,NA,0,95
"KS1_2013__Gould",1,"trap_wasp",545,"CT+00.2008.07.22","12","Cannot decide",-155.3232411315,19.8108827821,2008-06-01,2008-08-31,"Abundance","Primary vegetation","KS1_2013__Gould 1","KS1_2013__Gould 1 545",4,3,2.66666666666667,NA,NA,NA,0.980829253011726,95
"KS1_2013__Gould",1,"trap_wasp",569,"CT-01.2007.07.04","12","Cannot decide",-155.3219012714,19.810631447,2007-06-01,2007-08-31,"Abundance","Primary vegetation","KS1_2013__Gould 1","KS1_2013__Gould 1 569",0,0,NA,NA,NA,NA,NA,98
"KS1_2013__Gould",1,"trap_wasp",570,"CT-01.2007.08.01","12","Cannot decide",-155.3219012714,19.810631447,2007-06-01,2007-08-31,"Abundance","Primary vegetation","KS1_2013__Gould 1","KS1_2013__Gould 1 570",4,2,2,NA,NA,NA,0.693147180559945,98
"KS1_2013__Gould",1,"trap_wasp",571,"CT-01.2008.07.17","12","Cannot decide",-155.3219012714,19.810631447,2008-06-01,2008-08-31,"Abundance","Primary vegetation","KS1_2013__Gould 1","KS1_2013__Gould 1 571",2,1,1,NA,NA,NA,0,98
"KS1_2013__Gould",1,"trap_wasp",572,"CT-01.2008.07.22","12","Cannot decide",-155.3219012714,19.810631447,2008-06-01,2008-08-31,"Abundance","Primary vegetation","KS1_2013__Gould 1","KS1_2013__Gould 1 572",2,1,1,NA,NA,NA,0,98
"KS1_2013__Gould",1,"trap_wasp",573,"CT-02.2007.07.04","12","Cannot decide",-155.3205858139,19.8109173173,2007-06-01,2007-08-31,"Abundance","Primary vegetation","KS1_2013__Gould 1","KS1_2013__Gould 1 573",1,1,1,NA,NA,NA,0,95
"KS1_2013__Gould",1,"trap_wasp",574,"CT-02.2007.08.01","12","Cannot decide",-155.3205858139,19.8109173173,2007-06-01,2007-08-31,"Abundance","Primary vegetation","KS1_2013__Gould 1","KS1_2013__Gould 1 574",5,2,1.47058823529412,NA,NA,NA,0.385662480811984,95
"KS1_2013__Gould",1,"trap_wasp",575,"GA+120.2007.07.11","13","Cannot decide",-155.332229746047,19.7921797028181,2007-06-01,2007-08-31,"Abundance","Pasture","KS1_2013__Gould 1","KS1_2013__Gould 1 575",0,0,NA,NA,NA,NA,NA,0
"KS1_2013__Gould",1,"trap_wasp",576,"GA+120.2007.07.19","13","Cannot decide",-155.332229746047,19.7921797028181,2007-06-01,2007-08-31,"Abundance","Pasture","KS1_2013__Gould 1","KS1_2013__Gould 1 576",0,0,NA,NA,NA,NA,NA,0
"KS1_2013__Gould",1,"trap_wasp",577,"GA+120.2008.07.08","13","Cannot decide",-155.332229746047,19.7921797028181,2008-06-01,2008-08-31,"Abundance","Pasture","KS1_2013__Gould 1","KS1_2013__Gould 1 577",2,2,2,NA,NA,NA,0.693147180559945,0
"KS1_2013__Gould",1,"trap_wasp",578,"GA+120.2008.07.17","13","Cannot decide",-155.332229746047,19.7921797028181,2008-06-01,2008-08-31,"Abundance","Pasture","KS1_2013__Gould 1","KS1_2013__Gould 1 578",2,2,2,NA,NA,NA,0.693147180559945,0
"KS1_2013__Gould",1,"trap_wasp",579,"GA+120.2008.08.06","13","Cannot decide",-155.332229746047,19.7921797028181,2008-06-01,2008-08-31,"Abundance","Pasture","KS1_2013__Gould 1","KS1_2013__Gould 1 579",1,1,1,NA,NA,NA,0,0
"KS1_2013__Gould",1,"trap_wasp",580,"GA+240.2007.07.11","13","Cannot decide",-155.332229746047,19.7921797028181,2007-06-01,2007-08-31,"Abundance","Pasture","KS1_2013__Gould 1","KS1_2013__Gould 1 580",0,0,NA,NA,NA,NA,NA,0
"KS1_2013__Gould",1,"trap_wasp",581,"GA+240.2007.07.19","13","Cannot decide",-155.332229746047,19.7921797028181,2007-06-01,2007-08-31,"Abundance","Pasture","KS1_2013__Gould 1","KS1_2013__Gould 1 581",0,0,NA,NA,NA,NA,NA,0
"KS1_2013__Gould",1,"trap_wasp",582,"GA+240.2008.07.08","13","Cannot decide",-155.332229746047,19.7921797028181,2008-06-01,2008-08-31,"Abundance","Pasture","KS1_2013__Gould 1","KS1_2013__Gould 1 582",1,1,1,NA,NA,NA,0,0
"KS1_2013__Gould",1,"trap_wasp",583,"GA+240.2008.07.17","13","Cannot decide",-155.332229746047,19.7921797028181,2008-06-01,2008-08-31,"Abundance","Pasture","KS1_2013__Gould 1","KS1_2013__Gould 1 583",4,1,1,NA,NA,NA,0,0
"KS1_2013__Gould",1,"trap_wasp",584,"GA+240.2008.08.06","13","Cannot decide",-155.332229746047,19.7921797028181,2008-06-01,2008-08-31,"Abundance","Pasture","KS1_2013__Gould 1","KS1_2013__Gould 1 584",1,1,1,NA,NA,NA,0,0
"KS1_2013__Gould",1,"trap_wasp",585,"GA+360.2007.07.11","13","Cannot decide",-155.332229746047,19.7921797028181,2007-06-01,2007-08-31,"Abundance","Pasture","KS1_2013__Gould 1","KS1_2013__Gould 1 585",0,0,NA,NA,NA,NA,NA,0
"KS1_2013__Gould",1,"trap_wasp",586,"GA+360.2007.07.19","13","Cannot decide",-155.332229746047,19.7921797028181,2007-06-01,2007-08-31,"Abundance","Pasture","KS1_2013__Gould 1","KS1_2013__Gould 1 586",13,8,7.34782608695652,NA,NA,NA,1.99440449899392,0
"KS1_2013__Gould",1,"trap_wasp",587,"GA+360.2008.07.08","13","Cannot decide",-155.332229746047,19.7921797028181,2008-06-01,2008-08-31,"Abundance","Pasture","KS1_2013__Gould 1","KS1_2013__Gould 1 587",6,2,1.38461538461538,NA,NA,NA,0.325422400434628,0
"KS1_2013__Gould",1,"trap_wasp",588,"GA+360.2008.07.17","13","Cannot decide",-155.332229746047,19.7921797028181,2008-06-01,2008-08-31,"Abundance","Pasture","KS1_2013__Gould 1","KS1_2013__Gould 1 588",4,3,2.66666666666667,NA,NA,NA,0.980829253011726,0
"KS1_2013__Gould",1,"trap_wasp",589,"GA+360.2008.08.06","13","Cannot decide",-155.332229746047,19.7921797028181,2008-06-01,2008-08-31,"Abundance","Pasture","KS1_2013__Gould 1","KS1_2013__Gould 1 589",4,3,2.66666666666667,NA,NA,NA,0.980829253011726,0
"KS1_2013__Gould",1,"trap_wasp",590,"GA+center.2007.07.11","13","Cannot decide",-155.332229746047,19.7921797028181,2007-06-01,2007-08-31,"Abundance","Pasture","KS1_2013__Gould 1","KS1_2013__Gould 1 590",0,0,NA,NA,NA,NA,NA,0
"KS1_2013__Gould",1,"trap_wasp",591,"GA+center.2007.07.19","13","Cannot decide",-155.332229746047,19.7921797028181,2007-06-01,2007-08-31,"Abundance","Pasture","KS1_2013__Gould 1","KS1_2013__Gould 1 591",0,0,NA,NA,NA,NA,NA,0
"KS1_2013__Gould",1,"trap_wasp",592,"GA+center.2008.07.08","13","Cannot decide",-155.332229746047,19.7921797028181,2008-06-01,2008-08-31,"Abundance","Pasture","KS1_2013__Gould 1","KS1_2013__Gould 1 592",1,1,1,NA,NA,NA,0,0
"KS1_2013__Gould",1,"trap_wasp",593,"GA+center.2008.07.17","13","Cannot decide",-155.332229746047,19.7921797028181,2008-06-01,2008-08-31,"Abundance","Pasture","KS1_2013__Gould 1","KS1_2013__Gould 1 593",0,0,NA,NA,NA,NA,NA,0
"KS1_2013__Gould",1,"trap_wasp",594,"GA+center.2008.08.06","13","Cannot decide",-155.332229746047,19.7921797028181,2008-06-01,2008-08-31,"Abundance","Pasture","KS1_2013__Gould 1","KS1_2013__Gould 1 594",0,0,NA,NA,NA,NA,NA,0
"KS1_2013__Gould",1,"trap_wasp",595,"GB+120.2007.07.11","14","Cannot decide",-155.333170260135,19.8079393014395,2007-06-01,2007-08-31,"Abundance","Pasture","KS1_2013__Gould 1","KS1_2013__Gould 1 595",0,0,NA,NA,NA,NA,NA,0
"KS1_2013__Gould",1,"trap_wasp",596,"GB+120.2007.07.19","14","Cannot decide",-155.333170260135,19.8079393014395,2007-06-01,2007-08-31,"Abundance","Pasture","KS1_2013__Gould 1","KS1_2013__Gould 1 596",0,0,NA,NA,NA,NA,NA,0
"KS1_2013__Gould",1,"trap_wasp",597,"GB+120.2008.07.10","14","Cannot decide",-155.333170260135,19.8079393014395,2008-06-01,2008-08-31,"Abundance","Pasture","KS1_2013__Gould 1","KS1_2013__Gould 1 597",0,0,NA,NA,NA,NA,NA,0
"KS1_2013__Gould",1,"trap_wasp",598,"GB+120.2008.07.17","14","Cannot decide",-155.333170260135,19.8079393014395,2008-06-01,2008-08-31,"Abundance","Pasture","KS1_2013__Gould 1","KS1_2013__Gould 1 598",0,0,NA,NA,NA,NA,NA,0
"KS1_2013__Gould",1,"trap_wasp",599,"GB+120.2008.08.06","14","Cannot decide",-155.333170260135,19.8079393014395,2008-06-01,2008-08-31,"Abundance","Pasture","KS1_2013__Gould 1","KS1_2013__Gould 1 599",0,0,NA,NA,NA,NA,NA,0
"KS1_2013__Gould",1,"trap_wasp",600,"GB+240.2007.07.11","14","Cannot decide",-155.333170260135,19.8079393014395,2007-06-01,2007-08-31,"Abundance","Pasture","KS1_2013__Gould 1","KS1_2013__Gould 1 600",3,2,1.8,NA,NA,NA,0.587786664902119,0
"KS1_2013__Gould",1,"trap_wasp",601,"GB+240.2007.07.19","14","Cannot decide",-155.333170260135,19.8079393014395,2007-06-01,2007-08-31,"Abundance","Pasture","KS1_2013__Gould 1","KS1_2013__Gould 1 601",0,0,NA,NA,NA,NA,NA,0
"KS1_2013__Gould",1,"trap_wasp",602,"GB+240.2008.07.10","14","Cannot decide",-155.333170260135,19.8079393014395,2008-06-01,2008-08-31,"Abundance","Pasture","KS1_2013__Gould 1","KS1_2013__Gould 1 602",0,0,NA,NA,NA,NA,NA,0
"KS1_2013__Gould",1,"trap_wasp",603,"GB+240.2008.07.17","14","Cannot decide",-155.333170260135,19.8079393014395,2008-06-01,2008-08-31,"Abundance","Pasture","KS1_2013__Gould 1","KS1_2013__Gould 1 603",2,1,1,NA,NA,NA,0,0
"KS1_2013__Gould",1,"trap_wasp",604,"GB+240.2008.08.06","14","Cannot decide",-155.333170260135,19.8079393014395,2008-06-01,2008-08-31,"Abundance","Pasture","KS1_2013__Gould 1","KS1_2013__Gould 1 604",0,0,NA,NA,NA,NA,NA,0
"KS1_2013__Gould",1,"trap_wasp",605,"GB+360.2007.07.11","14","Cannot decide",-155.333170260135,19.8079393014395,2007-06-01,2007-08-31,"Abundance","Pasture","KS1_2013__Gould 1","KS1_2013__Gould 1 605",4,2,1.6,NA,NA,NA,0.470003629245736,0
"KS1_2013__Gould",1,"trap_wasp",606,"GB+360.2007.07.19","14","Cannot decide",-155.333170260135,19.8079393014395,2007-06-01,2007-08-31,"Abundance","Pasture","KS1_2013__Gould 1","KS1_2013__Gould 1 606",0,0,NA,NA,NA,NA,NA,0
"KS1_2013__Gould",1,"trap_wasp",607,"GB+360.2008.07.10","14","Cannot decide",-155.333170260135,19.8079393014395,2008-06-01,2008-08-31,"Abundance","Pasture","KS1_2013__Gould 1","KS1_2013__Gould 1 607",7,3,2.57894736842105,NA,NA,NA,0.947381318944186,0
"KS1_2013__Gould",1,"trap_wasp",608,"GB+360.2008.07.17","14","Cannot decide",-155.333170260135,19.8079393014395,2008-06-01,2008-08-31,"Abundance","Pasture","KS1_2013__Gould 1","KS1_2013__Gould 1 608",1,1,1,NA,NA,NA,0,0
"KS1_2013__Gould",1,"trap_wasp",609,"GB+360.2008.08.06","14","Cannot decide",-155.333170260135,19.8079393014395,2008-06-01,2008-08-31,"Abundance","Pasture","KS1_2013__Gould 1","KS1_2013__Gould 1 609",0,0,NA,NA,NA,NA,NA,0
"KS1_2013__Gould",1,"trap_wasp",610,"GB+center.2007.07.11","14","Cannot decide",-155.333170260135,19.8079393014395,2007-06-01,2007-08-31,"Abundance","Pasture","KS1_2013__Gould 1","KS1_2013__Gould 1 610",2,1,1,NA,NA,NA,0,0
"KS1_2013__Gould",1,"trap_wasp",611,"GB+center.2007.07.19","14","Cannot decide",-155.333170260135,19.8079393014395,2007-06-01,2007-08-31,"Abundance","Pasture","KS1_2013__Gould 1","KS1_2013__Gould 1 611",0,0,NA,NA,NA,NA,NA,0
"KS1_2013__Gould",1,"trap_wasp",612,"GB+center.2008.07.10","14","Cannot decide",-155.333170260135,19.8079393014395,2008-06-01,2008-08-31,"Abundance","Pasture","KS1_2013__Gould 1","KS1_2013__Gould 1 612",0,0,NA,NA,NA,NA,NA,0
"KS1_2013__Gould",1,"trap_wasp",613,"GB+center.2008.07.17","14","Cannot decide",-155.333170260135,19.8079393014395,2008-06-01,2008-08-31,"Abundance","Pasture","KS1_2013__Gould 1","KS1_2013__Gould 1 613",0,0,NA,NA,NA,NA,NA,0
"KS1_2013__Gould",1,"trap_wasp",614,"GB+center.2008.08.06","14","Cannot decide",-155.333170260135,19.8079393014395,2008-06-01,2008-08-31,"Abundance","Pasture","KS1_2013__Gould 1","KS1_2013__Gould 1 614",0,0,NA,NA,NA,NA,NA,0
"KS1_2013__Gould",1,"trap_wasp",615,"GC+120.2007.07.11","15","Cannot decide",-155.331358345788,19.828008521968,2007-06-01,2007-08-31,"Abundance","Pasture","KS1_2013__Gould 1","KS1_2013__Gould 1 615",0,0,NA,NA,NA,NA,NA,0
"KS1_2013__Gould",1,"trap_wasp",616,"GC+120.2007.07.19","15","Cannot decide",-155.331358345788,19.828008521968,2007-06-01,2007-08-31,"Abundance","Pasture","KS1_2013__Gould 1","KS1_2013__Gould 1 616",0,0,NA,NA,NA,NA,NA,0
"KS1_2013__Gould",1,"trap_wasp",617,"GC+120.2008.07.22","15","Cannot decide",-155.331358345788,19.828008521968,2008-06-01,2008-08-31,"Abundance","Pasture","KS1_2013__Gould 1","KS1_2013__Gould 1 617",0,0,NA,NA,NA,NA,NA,0
"KS1_2013__Gould",1,"trap_wasp",618,"GC+120.2008.07.27","15","Cannot decide",-155.331358345788,19.828008521968,2008-06-01,2008-08-31,"Abundance","Pasture","KS1_2013__Gould 1","KS1_2013__Gould 1 618",1,1,1,NA,NA,NA,0,0
"KS1_2013__Gould",1,"trap_wasp",619,"GC+120.2008.08.06","15","Cannot decide",-155.331358345788,19.828008521968,2008-06-01,2008-08-31,"Abundance","Pasture","KS1_2013__Gould 1","KS1_2013__Gould 1 619",0,0,NA,NA,NA,NA,NA,0
"KS1_2013__Gould",1,"trap_wasp",620,"GC+240.2007.07.11","15","Cannot decide",-155.331358345788,19.828008521968,2007-06-01,2007-08-31,"Abundance","Pasture","KS1_2013__Gould 1","KS1_2013__Gould 1 620",1,1,1,NA,NA,NA,0,0
"KS1_2013__Gould",1,"trap_wasp",621,"GC+240.2007.07.19","15","Cannot decide",-155.331358345788,19.828008521968,2007-06-01,2007-08-31,"Abundance","Pasture","KS1_2013__Gould 1","KS1_2013__Gould 1 621",0,0,NA,NA,NA,NA,NA,0
"KS1_2013__Gould",1,"trap_wasp",622,"GC+240.2008.07.22","15","Cannot decide",-155.331358345788,19.828008521968,2008-06-01,2008-08-31,"Abundance","Pasture","KS1_2013__Gould 1","KS1_2013__Gould 1 622",0,0,NA,NA,NA,NA,NA,0
"KS1_2013__Gould",1,"trap_wasp",623,"GC+240.2008.07.27","15","Cannot decide",-155.331358345788,19.828008521968,2008-06-01,2008-08-31,"Abundance","Pasture","KS1_2013__Gould 1","KS1_2013__Gould 1 623",0,0,NA,NA,NA,NA,NA,0
"KS1_2013__Gould",1,"trap_wasp",624,"GC+240.2008.08.06","15","Cannot decide",-155.331358345788,19.828008521968,2008-06-01,2008-08-31,"Abundance","Pasture","KS1_2013__Gould 1","KS1_2013__Gould 1 624",0,0,NA,NA,NA,NA,NA,0
"KS1_2013__Gould",1,"trap_wasp",625,"GC+360.2007.07.11","15","Cannot decide",-155.331358345788,19.828008521968,2007-06-01,2007-08-31,"Abundance","Pasture","KS1_2013__Gould 1","KS1_2013__Gould 1 625",0,0,NA,NA,NA,NA,NA,0
"KS1_2013__Gould",1,"trap_wasp",626,"GC+360.2007.07.19","15","Cannot decide",-155.331358345788,19.828008521968,2007-06-01,2007-08-31,"Abundance","Pasture","KS1_2013__Gould 1","KS1_2013__Gould 1 626",0,0,NA,NA,NA,NA,NA,0
"KS1_2013__Gould",1,"trap_wasp",627,"GC+360.2008.07.22","15","Cannot decide",-155.331358345788,19.828008521968,2008-06-01,2008-08-31,"Abundance","Pasture","KS1_2013__Gould 1","KS1_2013__Gould 1 627",0,0,NA,NA,NA,NA,NA,0
"KS1_2013__Gould",1,"trap_wasp",628,"GC+360.2008.07.27","15","Cannot decide",-155.331358345788,19.828008521968,2008-06-01,2008-08-31,"Abundance","Pasture","KS1_2013__Gould 1","KS1_2013__Gould 1 628",0,0,NA,NA,NA,NA,NA,0
"KS1_2013__Gould",1,"trap_wasp",629,"GC+360.2008.08.06","15","Cannot decide",-155.331358345788,19.828008521968,2008-06-01,2008-08-31,"Abundance","Pasture","KS1_2013__Gould 1","KS1_2013__Gould 1 629",0,0,NA,NA,NA,NA,NA,0
"KS1_2013__Gould",1,"trap_wasp",630,"GC+center.2007.07.11","15","Cannot decide",-155.331358345788,19.828008521968,2007-06-01,2007-08-31,"Abundance","Pasture","KS1_2013__Gould 1","KS1_2013__Gould 1 630",0,0,NA,NA,NA,NA,NA,0
"KS1_2013__Gould",1,"trap_wasp",631,"GC+center.2007.07.19","15","Cannot decide",-155.331358345788,19.828008521968,2007-06-01,2007-08-31,"Abundance","Pasture","KS1_2013__Gould 1","KS1_2013__Gould 1 631",0,0,NA,NA,NA,NA,NA,0
"KS1_2013__Gould",1,"trap_wasp",632,"GC+center.2008.07.22","15","Cannot decide",-155.331358345788,19.828008521968,2008-06-01,2008-08-31,"Abundance","Pasture","KS1_2013__Gould 1","KS1_2013__Gould 1 632",0,0,NA,NA,NA,NA,NA,0
"KS1_2013__Gould",1,"trap_wasp",633,"GC+center.2008.07.27","15","Cannot decide",-155.331358345788,19.828008521968,2008-06-01,2008-08-31,"Abundance","Pasture","KS1_2013__Gould 1","KS1_2013__Gould 1 633",0,0,NA,NA,NA,NA,NA,0
"KS1_2013__Gould",1,"trap_wasp",634,"GC+center.2008.08.06","15","Cannot decide",-155.331358345788,19.828008521968,2008-06-01,2008-08-31,"Abundance","Pasture","KS1_2013__Gould 1","KS1_2013__Gould 1 634",0,0,NA,NA,NA,NA,NA,0
"KS1_2013__Gould",1,"trap_wasp",635,"GD+120.2007.07.11","16","Cannot decide",-155.327809798072,19.835548218619,2007-06-01,2007-08-31,"Abundance","Pasture","KS1_2013__Gould 1","KS1_2013__Gould 1 635",0,0,NA,NA,NA,NA,NA,0
"KS1_2013__Gould",1,"trap_wasp",636,"GD+120.2007.07.19","16","Cannot decide",-155.327809798072,19.835548218619,2007-06-01,2007-08-31,"Abundance","Pasture","KS1_2013__Gould 1","KS1_2013__Gould 1 636",0,0,NA,NA,NA,NA,NA,0
"KS1_2013__Gould",1,"trap_wasp",637,"GD+120.2008.07.22","16","Cannot decide",-155.327809798072,19.835548218619,2008-06-01,2008-08-31,"Abundance","Pasture","KS1_2013__Gould 1","KS1_2013__Gould 1 637",0,0,NA,NA,NA,NA,NA,0
"KS1_2013__Gould",1,"trap_wasp",638,"GD+120.2008.07.27","16","Cannot decide",-155.327809798072,19.835548218619,2008-06-01,2008-08-31,"Abundance","Pasture","KS1_2013__Gould 1","KS1_2013__Gould 1 638",1,1,1,NA,NA,NA,0,0
"KS1_2013__Gould",1,"trap_wasp",639,"GD+120.2008.08.06","16","Cannot decide",-155.327809798072,19.835548218619,2008-06-01,2008-08-31,"Abundance","Pasture","KS1_2013__Gould 1","KS1_2013__Gould 1 639",0,0,NA,NA,NA,NA,NA,0
"KS1_2013__Gould",1,"trap_wasp",640,"GD+240.2007.07.11","16","Cannot decide",-155.327809798072,19.835548218619,2007-06-01,2007-08-31,"Abundance","Pasture","KS1_2013__Gould 1","KS1_2013__Gould 1 640",1,1,1,NA,NA,NA,0,0
"KS1_2013__Gould",1,"trap_wasp",641,"GD+240.2007.07.19","16","Cannot decide",-155.327809798072,19.835548218619,2007-06-01,2007-08-31,"Abundance","Pasture","KS1_2013__Gould 1","KS1_2013__Gould 1 641",1,1,1,NA,NA,NA,0,0
"KS1_2013__Gould",1,"trap_wasp",642,"GD+240.2008.07.17","16","Cannot decide",-155.327809798072,19.835548218619,2008-06-01,2008-08-31,"Abundance","Pasture","KS1_2013__Gould 1","KS1_2013__Gould 1 642",0,0,NA,NA,NA,NA,NA,0
"KS1_2013__Gould",1,"trap_wasp",643,"GD+240.2008.07.25","16","Cannot decide",-155.327809798072,19.835548218619,2008-06-01,2008-08-31,"Abundance","Pasture","KS1_2013__Gould 1","KS1_2013__Gould 1 643",0,0,NA,NA,NA,NA,NA,0
"KS1_2013__Gould",1,"trap_wasp",644,"GD+240.2008.08.06","16","Cannot decide",-155.327809798072,19.835548218619,2008-06-01,2008-08-31,"Abundance","Pasture","KS1_2013__Gould 1","KS1_2013__Gould 1 644",0,0,NA,NA,NA,NA,NA,0
"KS1_2013__Gould",1,"trap_wasp",645,"GD+360.2007.07.11","16","Cannot decide",-155.327809798072,19.835548218619,2007-06-01,2007-08-31,"Abundance","Pasture","KS1_2013__Gould 1","KS1_2013__Gould 1 645",0,0,NA,NA,NA,NA,NA,0
"KS1_2013__Gould",1,"trap_wasp",646,"GD+360.2007.07.19","16","Cannot decide",-155.327809798072,19.835548218619,2007-06-01,2007-08-31,"Abundance","Pasture","KS1_2013__Gould 1","KS1_2013__Gould 1 646",0,0,NA,NA,NA,NA,NA,0
"KS1_2013__Gould",1,"trap_wasp",647,"GD+360.2008.07.17","16","Cannot decide",-155.327809798072,19.835548218619,2008-06-01,2008-08-31,"Abundance","Pasture","KS1_2013__Gould 1","KS1_2013__Gould 1 647",0,0,NA,NA,NA,NA,NA,0
"KS1_2013__Gould",1,"trap_wasp",648,"GD+360.2008.07.25","16","Cannot decide",-155.327809798072,19.835548218619,2008-06-01,2008-08-31,"Abundance","Pasture","KS1_2013__Gould 1","KS1_2013__Gould 1 648",2,2,2,NA,NA,NA,0.693147180559945,0
"KS1_2013__Gould",1,"trap_wasp",649,"GD+360.2008.08.06","16","Cannot decide",-155.327809798072,19.835548218619,2008-06-01,2008-08-31,"Abundance","Pasture","KS1_2013__Gould 1","KS1_2013__Gould 1 649",0,0,NA,NA,NA,NA,NA,0
"KS1_2013__Gould",1,"trap_wasp",650,"GD+center.2007.07.11","16","Cannot decide",-155.327809798072,19.835548218619,2007-06-01,2007-08-31,"Abundance","Pasture","KS1_2013__Gould 1","KS1_2013__Gould 1 650",0,0,NA,NA,NA,NA,NA,0
"KS1_2013__Gould",1,"trap_wasp",651,"GD+center.2007.07.19","16","Cannot decide",-155.327809798072,19.835548218619,2007-06-01,2007-08-31,"Abundance","Pasture","KS1_2013__Gould 1","KS1_2013__Gould 1 651",0,0,NA,NA,NA,NA,NA,0
"KS1_2013__Gould",1,"trap_wasp",652,"GD+center.2008.07.17","16","Cannot decide",-155.327809798072,19.835548218619,2008-06-01,2008-08-31,"Abundance","Pasture","KS1_2013__Gould 1","KS1_2013__Gould 1 652",0,0,NA,NA,NA,NA,NA,0
"KS1_2013__Gould",1,"trap_wasp",653,"GD+center.2008.07.25","16","Cannot decide",-155.327809798072,19.835548218619,2008-06-01,2008-08-31,"Abundance","Pasture","KS1_2013__Gould 1","KS1_2013__Gould 1 653",25,4,2.85388127853881,NA,NA,NA,1.0486799199199,0
"KS1_2013__Gould",1,"trap_wasp",654,"GD+center.2008.08.06","16","Cannot decide",-155.327809798072,19.835548218619,2008-06-01,2008-08-31,"Abundance","Pasture","KS1_2013__Gould 1","KS1_2013__Gould 1 654",0,0,NA,NA,NA,NA,NA,0
